date,open,high,low,close,volume
2019-11-18,4.99,6.02,4.99,6.02,1600
2019-11-19,6.64,6.64,6.64,6.64,249
2019-11-20,7.33,7.33,7.33,7.33,425
2019-11-21,8.08,8.08,8.08,8.08,693
2019-11-22,8.91,8.91,8.91,8.91,1567
2019-11-25,9.82,9.82,9.82,9.82,1177
2019-11-26,10.82,10.82,10.82,10.82,2421
2019-11-27,11.92,11.92,11.92,11.92,1986
2019-11-28,13.13,13.13,13.13,13.13,3004
2019-11-29,14.46,14.46,14.46,14.46,6133
2019-12-02,15.93,15.93,15.93,15.93,2649
2019-12-03,17.54,17.54,17.54,17.54,3049
2019-12-04,19.31,19.31,19.31,19.31,5267
2019-12-05,21.26,21.26,21.26,21.26,33911
2019-12-06,23.41,23.41,23.41,23.41,27426
2019-12-09,25.31,25.77,24.67,25.77,318548
2019-12-10,26.51,28.36,25.0,27.33,441750
2019-12-11,26.61,30.02,26.61,27.61,355764
2019-12-12,27.27,28.7,26.79,27.8,279526
2019-12-13,29.26,30.3,27.89,28.41,348891
2019-12-16,27.04,28.55,26.38,28.4,263964
2019-12-17,28.16,31.26,27.93,29.35,331318
2019-12-18,30.13,31.17,29.75,30.71,286623
2019-12-19,29.81,30.04,28.23,28.44,224450
2019-12-20,28.78,29.33,26.71,26.84,206897
2019-12-23,26.56,29.54,26.56,29.54,247021
2019-12-24,28.97,29.47,26.78,28.09,238421
2019-12-25,27.75,28.4,26.99,28.35,177773
2019-12-26,28.09,29.05,27.33,28.85,184793
2019-12-27,28.6,30.42,27.58,27.58,238162
2019-12-30,26.78,27.53,24.91,26.4,170720
2019-12-31,26.35,26.85,25.75,25.94,126269
2020-01-02,26.71,28.22,26.58,26.98,171066
2020-01-03,27.26,29.47,27.25,28.72,216565
2020-01-06,28.09,29.61,27.53,29.4,184349
2020-01-07,29.83,32.35,29.83,32.35,251620
2020-01-08,31.46,32.05,30.3,30.78,193332
2020-01-09,31.81,32.62,30.64,31.34,157304
2020-01-10,31.32,31.32,29.44,29.82,130480
2020-01-13,29.61,30.63,28.79,30.58,95257
2020-01-14,30.64,30.69,29.82,29.83,82188
2020-01-15,29.47,30.23,29.2,30.16,63734
2020-01-16,30.16,30.42,29.68,30.09,62182
2020-01-17,30.18,30.44,29.33,29.33,81527
2020-01-20,28.8,29.11,28.24,29.02,64617
2020-01-21,28.78,29.8,28.53,29.12,69680
2020-01-22,29.08,30.32,28.64,30.31,85094
2020-01-23,30.16,31.92,28.69,29.7,104909
2020-02-03,26.71,26.71,26.71,26.71,4694
2020-02-04,24.02,25.68,24.02,25.2,115153
2020-02-05,25.16,26.34,25.0,25.54,88441
2020-02-06,25.35,26.41,24.99,26.01,102897
2020-02-07,25.75,27.04,25.35,26.51,103886
2020-02-10,26.78,28.44,26.16,28.16,104450
2020-02-11,27.82,28.13,27.08,27.32,62780
2020-02-12,27.13,28.01,26.73,27.63,62682
2020-02-13,27.47,27.91,26.02,26.71,67520
2020-02-14,26.85,29.4,26.85,28.45,140832
2020-02-17,29.15,31.31,28.96,31.31,165757
2020-02-18,31.31,34.13,30.85,32.49,177227
2020-02-19,32.2,35.76,31.89,35.76,180780
2020-02-20,35.77,39.35,33.95,39.35,218759
2020-02-21,41.2,43.31,39.92,43.31,126372
2020-02-24,42.58,47.66,41.14,47.66,133098
2020-02-25,46.26,51.36,42.87,47.6,252825
2020-02-26,44.01,45.19,42.82,42.82,126849
2020-02-27,42.6,44.23,39.95,41.0,128655
2020-02-28,38.25,38.96,36.88,36.88,121571
2020-03-02,37.82,40.51,35.92,39.16,145697
2020-03-03,39.43,42.92,39.43,40.18,134202
2020-03-04,40.09,44.14,39.17,44.14,148115
2020-03-05,44.64,48.09,43.87,45.66,166184
2020-03-06,43.99,44.18,41.07,41.13,142360
2020-03-09,38.44,39.66,37.49,37.55,105609
2020-03-10,37.72,41.33,37.72,41.33,118822
2020-03-11,41.53,43.26,40.07,40.11,104444
2020-03-12,39.82,43.85,39.41,43.13,116247
2020-03-13,39.82,45.73,39.82,44.51,144266
2020-03-16,44.58,44.59,40.04,40.22,119397
2020-03-17,41.3,42.34,39.38,41.48,91275
2020-03-18,42.06,42.49,38.23,38.37,108822
2020-03-19,38.09,40.05,37.63,39.25,93539
2020-03-20,39.53,39.75,37.47,37.99,73146
2020-03-23,35.97,36.79,34.18,34.18,74150
2020-03-24,35.0,35.54,31.89,34.99,78777
2020-03-25,35.85,36.46,35.13,35.47,59572
2020-03-26,34.99,36.02,34.68,34.79,41436
2020-03-27,35.41,36.47,34.33,35.31,66042
2020-03-30,33.82,34.43,32.23,33.55,54520
2020-03-31,34.26,34.4,33.33,33.66,39764
2020-04-01,33.22,34.71,33.22,33.82,47497
2020-04-02,33.77,35.33,32.93,35.33,59960
2020-04-03,34.99,35.18,33.69,33.72,51078
2020-04-07,35.0,35.43,34.44,35.25,60418
2020-04-08,34.64,35.8,34.56,34.89,42573
2020-04-09,35.75,38.4,35.44,37.03,94757
2020-04-10,37.62,39.13,36.92,37.06,104982
2020-04-13,36.37,39.4,35.13,39.37,78943
2020-04-14,39.66,41.11,39.38,39.96,90794
2020-04-15,39.33,40.51,38.1,38.26,70685
2020-04-16,37.46,39.24,37.02,38.5,60373
2020-04-17,39.1,39.12,37.29,37.61,54767
2020-04-20,37.25,38.48,37.18,37.71,37723
2020-04-21,37.61,37.68,36.33,36.8,42019
2020-04-22,36.44,37.21,36.31,37.2,31401
2020-04-23,37.34,37.35,35.78,35.83,38353
2020-04-24,35.68,36.22,34.16,34.45,42485
2020-04-27,34.36,35.07,33.13,33.24,48525
2020-04-28,33.54,34.96,32.85,34.29,50450
2020-04-29,33.95,35.13,33.6,34.97,51977
2020-04-30,35.68,37.04,34.97,36.47,63323
2020-05-06,35.47,36.82,35.26,36.64,55614
2020-05-07,36.65,37.58,36.42,36.79,55231
2020-05-08,37.27,39.12,36.76,37.89,76242
2020-05-11,37.84,38.33,36.17,36.47,56408
2020-05-12,36.38,36.98,35.6,36.64,37143
2020-05-13,36.24,37.46,36.06,37.22,36392
2020-05-14,36.58,36.89,36.37,36.44,32906
2020-05-15,36.64,36.98,36.29,36.29,30432
2020-05-18,35.78,36.26,34.64,35.06,42046
2020-05-19,35.47,35.89,35.18,35.33,25384
2020-05-20,35.12,36.46,34.65,35.92,46927
2020-05-21,35.68,36.22,34.27,34.35,40457
2020-05-22,33.69,34.64,32.94,33.01,33051
2020-05-25,33.01,33.36,32.53,32.86,20709
2020-05-26,33.02,33.95,33.01,33.92,25684
2020-05-27,33.88,34.78,33.01,34.04,30482
2020-05-28,33.71,35.89,33.66,35.22,50546
2020-05-29,34.54,35.11,34.31,34.44,31271
2020-06-01,36.0,37.9,35.26,37.9,89229
2020-06-02,37.9,38.71,37.06,37.2,85730
2020-06-03,37.73,38.15,36.32,36.42,61054
2020-06-04,36.29,36.98,35.5,35.72,46623
2020-06-05,35.89,37.25,35.33,37.23,57725
2020-06-08,37.06,37.37,35.95,36.18,41667
2020-06-09,36.02,37.61,35.98,37.19,51010
2020-06-10,36.71,37.42,36.23,37.04,35553
2020-06-11,36.74,40.76,36.71,37.88,98158
2020-06-12,36.62,38.85,36.62,37.87,71361
2020-06-15,37.97,39.37,37.13,37.78,83545
2020-06-16,38.53,39.0,37.25,37.99,54003
2020-06-17,37.98,37.99,36.44,36.86,49463
2020-06-18,36.44,37.6,36.44,37.09,39275
2020-06-19,37.13,39.89,36.82,39.02,91121
2020-06-22,38.93,41.51,38.33,39.6,95990
2020-06-23,39.75,40.44,38.96,39.86,61141
2020-06-24,40.09,40.36,38.3,38.45,62473
2020-06-29,37.49,38.51,36.89,37.13,43713
2020-06-30,37.47,39.75,37.32,38.8,60583
2020-07-01,38.71,39.26,37.5,39.26,66269
2020-07-02,39.05,42.82,38.8,42.19,124613
2020-07-03,42.26,45.51,41.96,44.68,139977
2020-07-06,46.09,48.92,44.71,48.64,125009
2020-07-07,47.61,48.64,44.92,46.53,137176
2020-07-08,46.25,50.69,46.24,49.21,116012
2020-07-09,48.16,49.89,47.21,48.25,107568
2020-07-10,47.33,47.33,45.86,45.87,91182
2020-07-13,45.96,47.43,45.53,46.18,86666
2020-07-14,45.75,46.89,45.41,46.37,74091
2020-07-15,46.37,46.77,43.25,43.35,70754
2020-07-16,43.33,44.83,39.21,40.2,65645
2020-07-17,41.11,41.11,38.85,39.63,51519
2020-07-20,40.44,41.01,39.06,40.13,55445
2020-07-21,40.15,40.3,39.21,39.53,47626
2020-07-22,39.53,40.81,39.22,39.86,56166
2020-07-23,39.46,39.6,37.64,38.61,53847
2020-07-24,38.6,39.16,35.42,35.61,62323
2020-07-27,35.78,35.92,34.44,34.86,37596
2020-07-28,35.26,35.61,34.68,34.99,28886
2020-07-29,34.94,36.35,34.64,36.32,42978
2020-07-30,36.15,36.16,35.3,35.42,34919
2020-07-31,35.42,37.81,35.14,37.2,70989
2020-08-03,37.75,38.29,36.8,37.95,56453
2020-08-04,37.95,38.14,37.04,37.21,41432
2020-08-05,37.2,37.47,36.85,36.93,32380
2020-08-06,36.86,37.54,35.85,37.46,38457
2020-08-07,37.13,37.13,35.4,36.12,37963
2020-08-10,35.68,36.41,35.55,36.05,25282
2020-08-11,36.09,36.3,34.89,35.02,26041
2020-08-12,34.71,34.97,32.78,33.71,42687
2020-08-13,33.72,34.45,33.47,34.29,24177
2020-08-14,34.02,34.58,33.54,34.31,19961
2020-08-17,35.06,36.4,34.95,36.01,46417
2020-08-18,35.75,36.14,35.25,35.54,27456
2020-08-19,35.53,35.54,34.71,34.8,22168
2020-08-20,34.3,34.68,33.82,34.34,15479
2020-08-21,34.64,35.26,34.22,34.6,19062
2020-08-24,35.08,35.47,33.68,34.91,27961
2020-08-25,35.02,37.98,34.96,36.9,66928
2020-08-26,36.91,36.91,35.06,35.72,45009
2020-08-27,34.6,35.04,31.42,34.3,56092
2020-08-28,33.68,37.05,32.78,36.38,65324
2020-08-31,36.44,37.47,35.92,36.15,63165
2020-09-01,35.75,36.32,35.31,35.62,33909
2020-09-02,35.72,37.47,35.51,36.98,66146
2020-09-03,36.64,38.89,36.3,37.38,86609
2020-09-04,35.89,36.84,35.62,36.39,52506
2020-09-07,36.13,36.69,34.71,34.71,48923
2020-09-08,34.63,37.75,34.52,37.75,83139
2020-09-09,36.78,43.23,36.63,39.2,141646
2020-09-10,40.02,40.33,36.69,36.96,99903
2020-09-11,35.75,36.95,33.82,35.33,82104
2020-09-14,35.4,37.05,34.37,36.77,67842
2020-09-15,36.35,36.78,35.61,36.09,47427
2020-09-16,35.61,36.66,34.96,35.4,45301
2020-09-17,35.06,36.7,34.73,35.77,48475
2020-09-18,35.75,40.26,35.31,39.2,123834
2020-09-21,39.58,40.92,37.49,38.46,104751
2020-09-22,37.84,40.23,37.54,38.71,89633
2020-09-23,38.51,39.09,37.62,37.93,60505
2020-09-24,37.26,38.3,37.15,37.55,45733
2020-09-25,37.73,38.84,37.31,38.02,61192
2020-09-28,37.58,38.78,37.41,38.36,46437
2020-09-29,38.59,39.59,37.99,38.02,58227
2020-09-30,37.83,38.02,35.82,36.22,63784
2020-10-09,36.78,37.28,36.47,37.13,39655
2020-10-12,37.47,38.91,37.09,38.67,69898
2020-10-13,37.99,38.16,36.78,37.11,68167
2020-10-14,36.85,37.0,35.89,35.99,50130
2020-10-15,36.21,36.76,35.55,36.11,29831
2020-10-16,36.09,36.32,35.64,35.79,24004
2020-10-19,35.86,36.31,34.63,34.7,33786
2020-10-20,34.47,35.06,33.98,34.91,33968
2020-10-21,34.84,34.87,33.68,33.86,33512
2020-10-22,33.92,34.77,33.22,34.12,33531
2020-10-23,33.89,34.02,32.83,32.85,30191
2020-10-26,32.31,32.5,31.49,31.53,31532
2020-10-27,31.49,31.92,31.28,31.7,17172
2020-10-28,31.61,31.69,30.65,30.78,26262
2020-10-29,30.09,30.77,29.57,30.46,23898
2020-10-30,29.83,30.5,26.78,27.38,65812
2020-11-02,27.49,27.78,26.58,27.18,33143
2020-11-03,27.73,28.82,27.47,28.33,40982
2020-11-04,28.44,28.44,27.33,27.6,25430
2020-11-05,28.48,28.62,27.68,28.11,26307
2020-11-06,28.17,28.55,27.85,28.07,28164
2020-11-09,28.49,32.82,28.16,31.75,87989
2020-11-10,30.92,31.18,29.91,29.93,56169
2020-11-11,29.69,30.13,28.84,29.13,30540
2020-11-12,29.11,29.82,28.89,29.22,21792
2020-11-13,28.78,29.24,28.66,28.89,18213
2020-11-16,28.84,28.85,26.78,27.38,41975
2020-11-17,27.2,27.6,26.64,26.89,27723
2020-11-18,22.72,24.34,22.72,23.12,190411
2020-11-19,22.66,22.71,21.73,22.15,156326
2020-11-20,22.02,22.31,21.64,21.71,112488
2020-11-23,21.65,22.72,21.13,21.95,142405
2020-11-24,21.73,22.13,21.48,21.53,73375
2020-11-25,21.63,22.0,21.06,21.17,65722
2020-11-26,21.06,21.14,20.6,20.74,63467
2020-11-27,20.81,20.91,19.92,20.42,95063
2020-11-30,20.47,21.91,20.47,20.95,177375
2020-12-01,20.78,21.89,20.47,21.62,145473
2020-12-02,21.68,23.26,21.47,22.63,190153
2020-12-03,22.35,22.84,21.96,22.49,121219
2020-12-04,22.27,22.47,22.08,22.29,74025
2020-12-07,22.36,23.18,22.09,22.51,87146
2020-12-08,22.38,23.04,22.31,22.6,73790
2020-12-09,22.72,23.06,21.91,21.95,91301
2020-12-10,21.58,22.6,21.58,22.37,71125
2020-12-11,22.43,22.45,21.66,22.18,53533
2020-12-14,21.92,22.37,21.84,22.08,54431
2020-12-15,21.98,22.34,21.26,21.4,76581
2020-12-16,20.95,21.73,20.95,21.47,56482
2020-12-17,21.33,23.05,21.28,22.79,114924
2020-12-18,22.71,22.99,22.29,22.32,63511
2020-12-21,22.32,22.82,22.11,22.53,63542
2020-12-22,22.46,22.54,21.4,21.48,64244
2020-12-23,21.66,22.44,21.6,21.91,60018
2020-12-24,21.95,22.13,20.95,21.27,47657
2020-12-25,21.06,21.6,20.66,21.47,38859
2020-12-28,21.95,21.95,20.3,20.75,62937
2020-12-29,20.71,21.47,20.51,20.51,66326
2020-12-30,20.23,21.61,20.03,21.38,82002
2020-12-31,21.53,23.4,21.51,22.37,133573
2021-01-04,22.69,22.72,22.06,22.5,84056
2021-01-05,22.26,22.76,21.95,22.58,76883
2021-01-06,22.64,23.25,21.71,21.97,78287
2021-01-07,21.98,22.02,20.4,20.71,89681
2021-01-08,20.4,21.04,20.1,20.46,52388
2021-01-11,20.42,20.69,18.42,18.43,101465
2021-01-12,18.16,19.93,17.82,19.7,104185
2021-01-13,19.26,19.64,18.51,18.6,62003
2021-01-14,18.6,22.18,18.6,21.26,175836
2021-01-15,21.47,21.88,20.58,21.18,111829
2021-01-18,20.7,22.08,20.7,21.55,77627
2021-01-19,21.45,23.18,20.98,22.05,127378
2021-01-20,22.17,25.75,22.17,25.06,232249
2021-01-21,24.02,24.47,23.17,24.01,176621
2021-01-22,23.68,24.08,22.82,23.26,118029
2021-01-25,23.03,24.2,22.58,22.94,106926
2021-01-26,22.64,23.42,22.33,22.48,74073
2021-01-27,22.46,22.84,21.89,22.09,63056
2021-01-28,21.9,22.98,21.78,21.9,80166
2021-01-29,22.04,22.45,20.6,21.35,77792
2021-02-01,21.35,22.44,21.35,21.76,64031
2021-02-02,21.75,21.95,20.92,21.4,59888
2021-02-03,21.35,21.85,20.44,20.51,70404
2021-02-04,20.58,20.58,19.42,19.42,65463
2021-02-05,19.58,20.6,18.94,19.4,75797
2021-02-08,19.44,19.73,18.72,19.13,48828
2021-02-09,19.37,20.79,19.0,20.38,72860
2021-02-10,20.23,21.49,20.09,21.18,75671
2021-02-18,21.73,22.0,21.23,21.33,70108
2021-02-19,21.27,21.86,20.93,21.84,57099
2021-02-22,22.06,22.51,21.23,21.33,77489
2021-02-23,21.14,21.46,20.71,20.77,52089
2021-02-24,20.77,21.18,20.49,20.71,39496
2021-02-25,20.71,20.88,19.83,20.09,49528
2021-02-26,19.62,20.23,19.47,19.81,34505
2021-03-01,20.06,20.46,19.88,20.15,33866
2021-03-02,20.11,20.11,19.61,19.74,34119
2021-03-03,19.82,20.44,19.61,20.15,38623
2021-03-04,19.93,20.12,19.44,19.46,40318
2021-03-05,19.23,20.23,19.2,19.98,42506
2021-03-08,20.13,20.16,19.5,19.52,35410
2021-03-09,19.75,19.75,18.33,18.44,48519
2021-03-10,18.69,18.82,18.15,18.49,27907
2021-03-11,18.34,18.84,18.22,18.64,27355
2021-03-12,18.65,19.05,18.2,18.73,35710
2021-03-15,18.64,18.64,18.1,18.24,23133
2021-03-16,18.28,18.99,18.21,18.58,25808
2021-03-17,18.99,19.38,18.58,19.03,35279
2021-03-18,19.0,19.49,18.89,19.15,33707
2021-03-19,18.82,19.11,18.46,18.58,28626
2021-03-22,18.55,19.29,18.55,18.95,27788
2021-03-23,18.86,19.02,18.47,18.82,33718
2021-03-24,18.77,20.02,18.68,19.09,70533
2021-03-25,18.75,19.06,18.62,18.74,36119
2021-03-26,18.78,19.04,18.67,18.82,27496
2021-03-29,18.77,18.84,18.38,18.41,30849
2021-03-30,18.31,18.48,18.18,18.2,23261
2021-03-31,18.2,18.29,17.21,17.46,41054
2021-04-01,17.46,17.6,17.18,17.35,29001
2021-04-02,17.41,17.53,17.27,17.46,23666
2021-04-06,17.47,17.95,17.45,17.59,32016
2021-04-07,17.71,17.96,17.55,17.9,27845
2021-04-08,18.02,19.39,17.82,18.74,86357
2021-04-09,18.4,18.66,18.2,18.52,40143
2021-04-12,18.64,19.06,18.23,18.64,41413
2021-04-13,18.46,18.58,18.02,18.23,30456
2021-04-14,18.23,18.45,18.13,18.36,22665
2021-04-15,18.27,18.27,17.74,17.76,26186
2021-04-16,17.87,18.16,17.8,17.89,20858
2021-04-19,17.89,18.61,17.87,18.35,30234
2021-04-20,18.35,18.65,18.16,18.2,24877
2021-04-21,18.09,18.09,17.82,17.89,23462
2021-04-22,17.95,18.06,17.64,17.71,27418
2021-04-23,17.64,18.06,17.03,17.71,32329
2021-04-26,18.66,19.35,18.23,18.26,88213
2021-04-27,18.19,18.99,18.16,18.71,65370
2021-04-28,18.67,19.25,18.3,19.13,60469
2021-04-29,19.2,20.29,19.19,20.2,120056
2021-04-30,20.26,20.33,19.22,19.89,82763
2021-05-06,19.95,20.55,19.25,20.51,83609
2021-05-07,20.33,20.85,19.84,19.84,60379
2021-05-10,19.89,20.57,19.59,20.19,53626
2021-05-11,20.17,21.2,19.77,20.91,76390
2021-05-12,20.99,22.3,20.64,21.51,90197
2021-05-13,21.38,21.87,20.82,20.92,78979
2021-05-14,21.4,24.4,20.88,23.89,206967
2021-05-17,23.11,23.8,22.42,22.49,140521
2021-05-18,22.16,23.92,22.06,22.72,97223
2021-05-19,22.49,23.4,21.92,22.38,93949
2021-05-20,22.09,23.48,22.09,22.86,96793
2021-05-21,22.64,23.06,22.2,22.24,80016
2021-05-24,22.23,23.1,22.22,22.55,79606
2021-05-25,22.33,24.44,22.2,23.59,147378
2021-05-26,23.82,24.71,23.13,23.18,148261
2021-05-27,23.04,23.45,22.35,22.59,97947
2021-05-28,22.4,22.88,21.95,22.17,108850
2021-05-31,22.3,23.6,21.96,23.35,133607
2021-06-01,23.2,24.14,23.15,23.78,126177
2021-06-02,23.98,24.82,23.31,24.17,141876
2021-06-03,24.17,24.37,23.89,23.93,86727
2021-06-04,23.85,25.39,23.71,24.51,163790
2021-06-07,23.96,24.54,23.31,24.0,97149
2021-06-08,24.0,24.44,23.54,23.94,65993
2021-06-09,23.73,24.01,23.21,23.44,46486
2021-06-10,23.33,23.87,23.06,23.55,56365
2021-06-11,23.55,23.68,21.26,22.09,134987
2021-06-15,22.12,23.25,22.0,22.64,101645
2021-06-16,23.1,23.18,22.38,22.73,71782
2021-06-17,22.74,23.33,22.49,23.06,55699
2021-06-18,22.99,23.69,22.87,23.51,68797
2021-06-21,23.68,24.0,23.38,23.7,74580
2021-06-22,23.47,24.69,23.27,23.7,108214
2021-06-23,23.4,24.16,22.78,24.02,92387
2021-06-24,24.03,27.32,23.92,27.09,226758
2021-06-25,26.99,29.75,26.14,28.15,283293
2021-06-28,27.65,27.66,25.86,26.7,195280
2021-06-29,26.76,27.23,25.93,26.07,120734
2021-06-30,26.49,26.86,25.54,26.51,101931
2021-07-01,26.71,27.2,24.23,24.37,134450
2021-07-02,24.03,26.08,23.73,25.23,118630
2021-07-05,25.23,25.51,24.55,25.04,66127
2021-07-06,25.06,25.22,24.42,24.86,69068
2021-07-07,24.85,25.53,24.22,24.92,81793
2021-07-08,25.06,25.7,24.92,25.26,100946
2021-07-09,25.0,25.26,24.55,24.99,64491
2021-07-12,25.26,26.01,24.58,25.37,106255
2021-07-13,25.12,25.24,23.33,23.67,137317
2021-07-14,23.64,24.65,23.61,23.91,73479
2021-07-15,23.67,24.64,23.67,24.38,82263
2021-07-16,24.4,26.0,24.07,25.95,128675
2021-07-19,25.4,26.08,24.75,25.77,95385
2021-07-20,25.84,26.44,25.2,26.16,86301
2021-07-21,25.79,27.13,25.77,26.58,95718
2021-07-22,26.58,28.15,26.22,27.73,123356
2021-07-23,27.74,30.94,27.11,27.85,201142
2021-07-26,27.31,27.69,25.58,26.03,154975
2021-07-27,25.78,26.2,24.11,24.37,130216
2021-07-28,24.23,24.82,23.51,23.69,78208
2021-07-29,24.06,25.01,24.06,24.69,79621
2021-07-30,24.46,24.68,23.4,23.53,83059
2021-08-02,24.47,25.29,22.95,24.68,95629
2021-08-03,24.62,25.78,24.23,24.85,89896
2021-08-04,24.55,26.02,24.44,25.98,105953
2021-08-05,25.44,25.78,24.89,25.08,70988
2021-08-06,24.75,25.97,24.7,25.72,80417
2021-08-09,25.64,26.58,25.49,26.07,77185
2021-08-10,25.78,26.02,25.21,25.85,73063
2021-08-11,25.78,26.23,24.95,24.96,71012
2021-08-12,24.75,25.42,24.62,24.87,43500
2021-08-13,24.73,25.02,23.88,24.06,60844
2021-08-16,24.1,24.92,24.09,24.32,57058
2021-08-17,23.97,25.64,23.9,24.0,81390
2021-08-18,23.82,26.12,23.63,25.58,157008
2021-08-19,25.37,25.7,24.17,24.24,107787
2021-08-20,23.71,24.33,23.51,23.82,64271
2021-08-23,24.22,24.95,24.0,24.93,84657
2021-08-24,24.93,25.82,24.75,25.59,100995
2021-08-25,25.53,25.69,24.89,25.01,56024
2021-08-26,25.01,25.16,23.98,23.98,70840
2021-08-27,23.98,24.19,23.18,23.42,73985
2021-08-30,23.42,23.95,22.78,22.78,70094
2021-08-31,22.49,23.29,21.91,22.91,76134
2021-09-01,23.02,24.53,22.62,23.7,91551
2021-09-02,23.54,24.44,23.44,23.92,78301
2021-09-03,25.78,26.99,23.88,24.06,151885
2021-09-06,23.4,24.95,23.38,24.33,114437
2021-09-07,23.98,24.3,23.37,24.06,97619
2021-09-08,24.75,28.89,24.61,26.73,299192
2021-09-09,26.26,29.32,26.26,28.89,282987
2021-09-10,28.89,29.82,28.11,28.4,210235
2021-09-13,27.58,28.04,26.63,27.36,159283
2021-09-14,27.36,27.57,26.21,26.29,105650
2021-09-15,26.8,28.69,26.24,28.33,163108
2021-09-16,28.25,29.78,27.8,28.11,142386
2021-09-17,27.91,28.53,26.61,27.64,109707
2021-09-22,27.51,27.51,25.78,26.26,114389
2021-09-23,26.51,27.08,26.0,26.2,83792
2021-09-24,26.38,26.53,25.33,25.53,59775
2021-09-27,25.53,25.75,24.24,24.49,73105
2021-09-28,24.47,25.06,24.19,24.54,55192
2021-09-29,24.2,24.36,23.7,23.73,46707
2021-09-30,23.98,24.25,23.85,24.11,36397
2021-10-08,24.46,24.98,24.28,24.62,42672
2021-10-11,24.66,24.82,23.7,23.75,47930
2021-10-12,23.73,23.73,22.89,23.24,42652
2021-10-13,23.19,23.85,23.03,23.57,28595
2021-10-14,23.37,23.63,23.15,23.44,19189
2021-10-15,23.42,23.71,23.2,23.44,23358
2021-10-18,23.44,23.44,22.91,23.0,31284
2021-10-19,23.02,23.84,22.75,23.25,28710
2021-10-20,23.35,23.51,23.12,23.43,20951
2021-10-21,23.36,24.0,23.23,23.78,38063
2021-10-22,23.91,23.91,23.31,23.51,28950
2021-10-25,23.36,23.96,22.6,23.77,52510
2021-10-26,23.77,23.78,23.46,23.47,26189
2021-10-27,23.71,23.71,22.73,22.75,29640
2021-10-28,22.6,23.09,21.79,21.8,34727
2021-10-29,22.33,22.87,22.06,22.33,33285
2021-11-01,22.6,22.88,22.24,22.67,23508
2021-11-02,22.55,22.84,21.71,22.03,32009
2021-11-03,22.03,22.25,21.92,22.09,17336
2021-11-04,22.26,22.38,21.91,22.07,21380
2021-11-05,22.04,22.26,21.92,22.0,22948
2021-11-08,21.93,22.37,21.75,22.15,25076
2021-11-09,22.09,24.2,22.09,23.92,95545
2021-11-10,23.64,24.17,23.64,23.98,59295
2021-11-11,23.98,25.0,23.86,24.44,62867
2021-11-12,24.75,24.82,24.26,24.63,45455
2021-11-15,24.64,25.04,24.44,24.68,37381
2021-11-16,24.75,24.91,24.1,24.2,38095
2021-11-17,24.21,24.46,23.87,23.98,33685
2021-11-18,24.0,24.0,23.2,23.24,38195
2021-11-19,23.22,23.89,22.86,23.47,55080
2021-11-22,23.26,24.68,23.08,24.41,71211
2021-11-23,24.3,24.98,24.26,24.75,56903
2021-11-24,24.78,25.2,24.51,24.75,43778
2021-11-25,24.79,25.18,24.62,24.67,48033
2021-11-26,24.7,25.78,24.58,24.83,64702
2021-11-29,24.38,24.94,24.16,24.4,55328
2021-11-30,24.44,24.95,24.04,24.18,47666
2021-12-01,24.06,25.28,24.06,24.91,67864
2021-12-02,24.76,25.2,24.65,25.0,57803
2021-12-03,25.11,25.42,24.8,25.02,50721
2021-12-06,25.31,26.33,24.9,25.42,100786
2021-12-07,25.47,25.61,24.13,24.24,65173
2021-12-08,24.33,25.55,24.17,25.13,78132
2021-12-09,25.04,26.39,24.75,25.74,100926
2021-12-10,25.34,25.46,24.81,25.2,66374
2021-12-13,25.56,26.47,25.16,25.34,99419
2021-12-14,25.2,25.64,24.87,25.49,53231
2021-12-15,25.3,25.98,25.3,25.77,68533
2021-12-16,25.85,26.23,25.56,26.22,60992
2021-12-17,26.07,26.26,25.67,25.78,53481
2021-12-20,25.51,26.26,25.3,25.35,53204
2021-12-21,25.42,25.71,25.05,25.65,44365
2021-12-22,25.51,25.78,25.2,25.34,33911
2021-12-23,25.27,25.46,24.93,24.98,31050
2021-12-24,25.12,26.6,24.51,26.4,111736
2021-12-27,26.4,28.19,26.02,27.02,129651
2021-12-28,27.04,27.66,26.61,27.02,63451
2021-12-29,27.0,27.0,26.18,26.65,52569
2021-12-30,26.65,27.6,26.64,26.71,60135
2021-12-31,26.51,27.48,26.41,27.21,54932
2022-01-04,27.21,27.33,26.69,26.92,42871
2022-01-05,26.91,27.5,26.5,26.8,50693
2022-01-06,26.61,27.0,26.37,26.92,37602
2022-01-07,26.89,27.22,25.92,25.98,51532
2022-01-10,25.91,27.63,25.8,27.39,80730
2022-01-11,27.27,27.6,26.89,26.94,38680
2022-01-12,26.94,27.16,26.55,26.93,30577
2022-01-13,26.95,27.35,26.47,26.51,38229
2022-01-14,26.29,26.73,26.13,26.27,31019
2022-01-17,25.74,27.04,25.74,26.94,38783
2022-01-18,26.95,27.85,26.58,26.65,58141
2022-01-19,26.77,27.32,26.55,26.95,43564
2022-01-20,27.01,27.31,26.06,26.44,62456
2022-01-21,26.56,29.21,26.13,28.89,125932
2022-01-24,28.8,29.67,28.27,28.53,94108
2022-01-25,28.06,28.51,26.75,26.78,77210
2022-01-26,27.38,27.75,26.13,27.16,59956
2022-01-27,26.82,27.62,25.97,26.0,60277
2022-01-28,26.4,26.7,25.74,26.18,36366
2022-02-07,27.16,28.8,26.63,28.34,88439
2022-02-08,28.2,32.0,28.06,31.69,150942
2022-02-09,31.64,32.58,30.99,31.93,111866
2022-02-10,32.26,32.33,31.43,32.06,77428
2022-02-11,31.85,34.72,28.13,29.35,224045
2022-02-14,28.22,29.84,27.96,28.6,106135
2022-02-15,28.29,30.6,27.99,30.04,110669
2022-02-16,30.04,30.61,29.47,29.58,68921
2022-02-17,28.95,29.23,28.16,28.22,76714
2022-02-18,28.13,29.09,27.78,28.73,58641
2022-02-21,28.58,29.78,28.51,29.55,61236
2022-02-22,28.92,30.4,28.77,29.76,71531
2022-02-23,29.77,30.4,29.51,29.82,61900
2022-02-24,29.6,31.08,28.82,29.54,111264
2022-02-25,29.57,30.46,29.32,29.85,63912
2022-02-28,30.14,30.18,28.71,29.04,58377
2022-03-01,29.03,29.51,28.69,29.13,36494
2022-03-02,28.71,29.06,28.65,28.94,28047
2022-03-03,28.98,29.23,28.82,29.09,27975
2022-03-04,28.89,29.42,28.83,28.99,33658
2022-03-07,28.88,29.15,27.71,27.88,51015
2022-03-08,28.04,28.11,26.6,26.63,50409
2022-03-09,26.82,27.05,24.04,25.28,80401
2022-03-10,25.86,26.13,25.45,25.49,43845
2022-03-11,24.95,26.36,24.53,26.08,59727
2022-03-14,25.46,26.22,25.21,25.22,45053
2022-03-15,25.33,25.96,23.89,23.89,67657
2022-03-16,24.56,26.02,23.71,25.95,86108
2022-03-17,31.16,31.16,28.7,28.87,296744
2022-03-18,28.99,30.13,27.99,29.06,204167
2022-03-21,28.55,29.23,27.7,27.85,149621
2022-03-22,27.71,28.46,27.51,27.71,87891
2022-03-23,27.73,28.01,27.23,27.4,60655
2022-03-24,26.99,27.23,26.55,26.86,50795
2022-03-25,26.88,27.3,26.16,26.23,64917
2022-03-28,25.93,26.53,25.43,25.64,67813
2022-03-29,26.07,26.2,25.18,25.38,43872
2022-03-30,25.71,27.86,25.58,27.42,128522
2022-03-31,27.04,28.46,26.86,27.99,110853
2022-04-01,27.64,29.56,27.51,29.12,118533
2022-04-06,28.83,29.35,28.49,28.84,64457
2022-04-07,28.65,29.29,28.4,28.46,52876
2022-04-08,28.54,29.01,27.89,28.33,61441
2022-04-11,27.91,28.88,27.09,27.23,72728
2022-04-12,27.16,28.85,26.91,28.61,96011
2022-04-13,27.96,28.13,26.85,26.89,77705
2022-04-14,27.2,28.46,27.04,28.3,79576
2022-04-15,28.85,31.06,28.31,29.11,197784
2022-04-18,28.63,30.64,28.01,30.49,170509
2022-04-19,30.15,31.91,29.61,30.86,126891
2022-04-20,31.2,31.83,30.73,31.15,86488
2022-04-21,30.57,31.78,30.47,30.66,94282
2022-04-22,30.27,31.26,29.58,29.92,102147
2022-04-25,29.29,30.26,28.54,28.89,100010
2022-04-26,28.96,29.68,27.5,28.5,114557
2022-04-27,27.99,30.75,27.92,30.44,114594
2022-04-28,29.93,30.17,28.54,28.9,94563
2022-04-29,29.58,33.42,28.62,32.31,165457
2022-05-05,31.64,33.23,31.2,31.87,138441
2022-05-06,30.82,31.24,29.63,31.02,103648
2022-05-09,30.46,31.35,30.34,30.82,67772
2022-05-10,29.92,32.04,29.92,31.74,103731
2022-05-11,31.51,32.94,31.2,31.56,128180
2022-05-12,31.33,32.92,31.22,32.13,87283
2022-05-13,32.24,32.46,31.24,31.53,66865
2022-05-16,31.75,32.19,30.95,31.69,60449
2022-05-17,30.89,30.89,28.9,29.45,130327
2022-05-18,29.89,30.4,29.33,29.71,81727
2022-05-19,29.16,29.66,28.55,29.21,67517
2022-05-20,29.42,30.16,29.06,29.3,74155
2022-05-23,29.04,30.57,28.89,30.22,84419
2022-05-24,30.33,31.18,29.38,29.39,73964
2022-05-25,29.31,29.83,29.18,29.44,48970
2022-05-26,29.45,30.23,28.65,29.06,61509
2022-05-27,29.19,29.4,27.97,28.14,66804
2022-05-30,28.2,28.74,28.08,28.46,43215
2022-05-31,28.66,29.19,27.85,29.0,55914
2022-06-01,28.75,29.15,28.09,28.22,54750
2022-06-02,28.15,28.84,27.58,28.71,62293
2022-06-06,28.36,31.05,28.36,30.57,142157
2022-06-07,30.57,32.13,30.41,32.07,168203
2022-06-08,32.13,33.02,31.53,32.6,136544
2022-06-09,32.67,33.71,32.2,32.33,117184
2022-06-10,32.09,33.91,32.07,33.78,109601
2022-06-13,32.95,35.11,32.84,34.95,125661
2022-06-14,33.71,36.46,33.64,35.75,134636
2022-06-15,36.82,42.92,36.54,42.92,276890
2022-06-16,41.45,43.09,40.18,40.42,260647
2022-06-17,39.63,43.69,39.63,42.72,214843
2022-06-20,42.29,42.68,40.83,41.4,133199
2022-06-21,41.44,43.09,40.9,41.51,123607
2022-06-22,41.99,43.02,40.82,41.44,126405
2022-06-23,41.51,44.58,41.45,43.84,214332
2022-06-24,44.06,44.44,42.33,42.68,133145
2022-06-27,42.95,43.68,42.11,42.33,134518
2022-06-28,42.3,42.58,41.04,41.49,152859
2022-06-29,41.0,42.19,40.33,40.45,101284
2022-06-30,40.6,41.22,38.95,40.46,116265
2022-07-01,40.18,40.83,39.5,39.6,64820
2022-07-04,39.68,39.78,38.2,39.23,89206
2022-07-05,39.69,39.71,38.89,39.13,86363
2022-07-06,39.07,39.49,38.47,39.02,65844
2022-07-07,38.82,39.15,37.75,37.84,74921
2022-07-08,38.34,39.11,37.6,38.11,83282
2022-07-11,38.11,38.61,37.36,38.02,49107
2022-07-12,38.2,38.99,37.58,37.84,84340
2022-07-13,36.82,38.06,36.66,37.63,59666
2022-07-14,37.95,38.26,37.16,37.56,51181
2022-07-15,37.51,37.62,36.54,36.58,79051
2022-07-18,36.82,37.49,36.42,36.46,61989
2022-07-19,36.33,37.0,36.04,36.64,52925
2022-07-20,36.58,37.06,36.42,36.62,56060
2022-07-21,36.64,36.8,35.44,35.54,56323
2022-07-22,35.66,36.79,35.66,36.27,72400
2022-07-25,36.47,37.08,35.77,35.96,54671
2022-07-26,35.96,37.42,35.89,37.0,57229
2022-07-27,36.84,37.46,36.53,37.08,53415
2022-07-28,37.28,37.83,36.38,36.4,81717
2022-07-29,36.2,36.74,35.85,36.04,65134
2022-08-01,36.07,37.22,35.9,37.22,66238
2022-08-02,36.82,37.11,33.71,34.64,103186
2022-08-03,34.64,36.09,34.64,35.02,80414
2022-08-04,35.49,35.73,34.71,35.28,43522
2022-08-05,35.87,37.56,34.95,37.35,102423
2022-08-08,37.16,37.16,36.38,36.99,65338
2022-08-09,37.15,38.19,36.83,37.92,69349
2022-08-10,37.61,38.18,37.37,37.58,44767
2022-08-11,37.85,42.8,37.51,41.44,171402
2022-08-12,40.61,41.02,39.53,39.71,108063
2022-08-15,39.35,40.31,39.24,39.81,66652
2022-08-16,39.71,40.25,38.6,38.91,62171
2022-08-17,39.45,40.99,38.68,39.95,92530
2022-08-18,39.37,40.26,38.95,39.6,73836
2022-08-19,39.6,40.77,39.29,39.6,63714
2022-08-22,38.82,39.5,37.24,37.67,117180
2022-08-23,37.34,38.26,36.47,37.49,102273
2022-08-24,37.12,39.41,36.83,36.89,98081
2022-08-25,36.82,38.02,35.93,37.13,82954
2022-08-26,37.35,37.44,35.47,35.72,64855
2022-08-29,35.05,36.37,34.82,36.21,39461
2022-08-30,36.13,36.5,35.18,35.61,45367
2022-08-31,35.49,36.14,34.33,34.6,72609
2022-09-01,34.56,35.42,34.05,34.16,41589
2022-09-02,34.33,34.71,34.13,34.4,38524
2022-09-05,34.13,34.41,33.37,33.82,42813
2022-09-06,33.92,34.42,33.58,34.34,53123
2022-09-07,33.87,34.74,33.71,34.22,45072
2022-09-08,34.4,35.42,34.4,34.58,65901
2022-09-09,34.63,36.2,34.41,35.6,89541
2022-09-13,35.44,36.57,35.44,35.83,65664
2022-09-14,35.09,35.42,34.54,35.04,49912
2022-09-15,35.1,36.4,34.29,34.61,77770
2022-09-16,34.26,34.4,30.58,30.78,148396
2022-09-19,30.92,31.99,30.57,31.71,94317
2022-09-20,31.69,32.0,31.11,31.32,48327
2022-09-21,30.96,31.71,30.75,31.39,40610
2022-09-22,31.4,31.63,30.95,31.02,32159
2022-09-23,30.76,31.42,30.2,30.47,38849
2022-09-26,30.26,31.06,30.18,30.34,42438
2022-09-27,30.51,31.75,30.51,31.72,56033
2022-09-28,31.51,31.83,30.58,30.6,36697
2022-09-29,31.2,31.34,29.86,30.11,38381
2022-09-30,30.26,30.6,29.69,29.69,30712
2022-10-10,29.76,30.04,28.64,28.83,45162
2022-10-11,28.99,29.7,28.29,29.04,41757
2022-10-12,28.89,30.34,28.58,30.28,49327
2022-10-13,29.92,30.49,29.79,30.05,41875
2022-10-14,30.53,31.25,30.3,31.13,66641
2022-10-17,30.79,31.75,30.64,31.32,46547
2022-10-18,31.28,32.26,30.98,31.7,50750
2022-10-19,31.64,31.75,31.04,31.09,36161
2022-10-20,30.85,32.53,30.85,31.77,50235
2022-10-21,33.02,33.44,31.64,31.66,81772
2022-10-24,31.63,33.58,31.63,32.0,98159
2022-10-25,31.96,32.0,29.15,29.82,111816
2022-10-26,30.29,31.29,29.84,30.86,99401
2022-10-27,30.84,32.82,30.47,31.99,107605
2022-10-28,31.64,31.78,29.92,30.17,71420
2022-10-31,29.8,31.29,29.79,30.52,64351
2022-11-01,30.54,31.6,30.22,31.32,87285
2022-11-02,30.78,31.91,30.51,31.55,93136
2022-11-03,30.99,31.22,30.04,30.66,83247
2022-11-04,30.4,34.6,30.4,33.39,183117
2022-11-07,33.39,33.43,32.11,32.13,111793
2022-11-08,32.33,32.42,31.77,32.33,71834
2022-11-09,32.18,32.64,31.82,31.98,49894
2022-11-10,31.71,32.62,31.3,31.99,61167
2022-11-11,33.73,35.0,32.66,33.16,148917
2022-11-14,33.09,35.43,33.09,33.41,143440
2022-11-15,33.02,37.17,32.79,35.87,179298
2022-11-16,35.09,35.49,33.88,34.18,115327
2022-11-17,33.92,35.2,33.44,34.89,99725
2022-11-18,34.54,36.64,34.47,35.2,99492
2022-11-21,34.96,35.42,33.91,34.34,64092
2022-11-22,34.2,35.09,33.58,34.16,72127
2022-11-23,34.17,34.4,33.2,33.23,58514
2022-11-24,33.71,33.98,33.2,33.42,35721
2022-11-25,32.82,33.94,32.63,33.22,47232
2022-11-28,31.93,32.62,31.64,32.59,43316
2022-11-29,32.68,35.13,32.63,34.92,119310
2022-11-30,34.66,35.08,34.4,34.54,50229
2022-12-01,35.3,36.8,34.54,34.75,102095
2022-12-02,34.46,35.24,33.76,34.0,57048
2022-12-05,34.42,35.4,34.13,35.33,80289
2022-12-06,34.79,36.06,34.79,35.38,68902
2022-12-07,35.09,35.43,34.47,34.71,46543
2022-12-08,34.7,34.71,33.99,34.4,42074
2022-12-09,34.4,34.55,33.63,34.55,69223
2022-12-12,34.07,34.2,33.1,33.15,51460
2022-12-13,33.17,33.5,33.02,33.15,35252
2022-12-14,33.12,34.06,32.89,33.63,33875
2022-12-15,33.63,33.77,33.04,33.58,23248
2022-12-16,33.44,33.71,32.88,33.05,28008
2022-12-19,33.05,33.23,31.64,31.99,43922
2022-12-20,32.01,32.21,30.89,31.11,45139
2022-12-21,31.13,31.16,30.27,30.61,36433
2022-12-22,30.96,31.35,30.56,30.65,33750
2022-12-23,30.26,31.33,30.0,30.94,33258
2022-12-26,31.29,31.48,30.54,31.02,29776
2022-12-27,31.46,31.98,31.02,31.42,40131
2022-12-28,31.04,31.35,30.51,30.76,31328
2022-12-29,30.82,31.74,30.68,31.26,37532
2022-12-30,31.17,31.86,31.17,31.45,29689
2023-01-03,31.16,31.99,30.39,31.92,49439
2023-01-04,31.87,32.31,31.42,31.58,41602
2023-01-05,31.64,33.34,31.64,32.95,88372
2023-01-06,32.75,34.54,32.75,33.94,108214
2023-01-09,33.96,36.7,33.85,35.53,155403
2023-01-10,35.16,36.73,35.03,35.81,104245
2023-01-11,36.06,36.35,35.44,35.62,61611
2023-01-12,35.64,36.47,34.89,36.12,64202
2023-01-13,37.35,37.85,35.71,36.72,97233
2023-01-16,36.47,41.3,36.24,39.2,237927
2023-01-17,39.23,40.15,38.84,39.92,135926
2023-01-18,39.83,40.47,39.16,39.31,103966
2023-01-19,39.12,40.08,39.06,39.82,83721
2023-01-20,40.22,40.61,38.89,40.17,85471
2023-01-30,41.37,41.63,39.58,39.84,106904
2023-01-31,40.0,42.15,40.0,40.26,108901
2023-02-01,39.92,41.64,39.92,41.52,88195
2023-02-02,41.75,41.75,39.39,39.55,131819
2023-02-03,39.15,39.89,38.89,39.44,78038
2023-02-06,38.87,39.3,37.99,38.45,79287
2023-02-07,38.45,39.27,37.93,38.44,88128
2023-02-08,38.44,38.44,36.82,36.89,79598
2023-02-09,36.79,37.16,36.37,37.02,87954
2023-02-10,36.67,37.0,35.89,36.22,76341
2023-02-13,36.18,37.21,36.0,36.89,75679
2023-02-14,37.06,37.16,36.4,36.97,65505
2023-02-15,36.99,37.94,36.82,37.15,95878
2023-02-16,37.02,37.95,35.91,36.26,123390
2023-02-17,36.03,36.38,34.89,34.92,83296
2023-02-20,35.65,36.47,34.86,36.23,101401
2023-02-21,36.13,36.27,35.37,35.76,57599
2023-02-22,35.37,36.04,35.09,35.3,48451
2023-02-23,35.1,36.17,35.1,35.64,73068
2023-02-24,35.63,35.78,35.02,35.18,44709
2023-02-27,34.8,35.29,34.54,34.73,44483
2023-02-28,35.09,35.29,34.64,35.08,42381
2023-03-01,35.11,36.02,34.89,35.96,88170
2023-03-02,35.78,35.96,35.22,35.58,55978
2023-03-03,35.58,35.92,35.12,35.71,66379
2023-03-06,35.71,35.75,34.35,34.53,78281
2023-03-07,34.46,34.63,33.56,33.58,63780
2023-03-08,33.51,33.85,33.16,33.76,34044
2023-03-09,33.8,34.05,33.44,33.93,34277
2023-03-10,33.49,34.13,33.44,33.7,37703
2023-03-13,33.54,34.45,33.51,34.22,63360
2023-03-14,34.06,34.13,32.63,33.15,76132
2023-03-15,33.68,33.94,32.96,33.09,53513
2023-03-16,32.76,33.26,32.69,32.86,36406
2023-03-17,33.26,34.36,33.02,34.06,99277
2023-03-20,34.13,34.38,33.58,33.99,65862
2023-03-21,33.92,37.06,33.85,36.52,154129
2023-03-22,36.82,36.93,35.31,35.64,104405
2023-03-23,35.31,37.95,35.23,37.49,194143
2023-03-24,37.5,38.96,36.88,37.56,160301
2023-03-27,37.38,39.76,37.22,38.4,200797
2023-03-28,37.51,38.01,36.19,36.41,156313
2023-03-29,36.47,36.92,36.09,36.27,77665
2023-03-30,36.22,36.26,35.11,35.78,75625
2023-03-31,35.93,36.69,35.31,36.5,85589
2023-04-03,35.89,41.96,35.84,41.3,299134
2023-04-04,40.61,42.66,40.54,41.58,239701
2023-04-06,41.3,41.58,39.51,39.85,141796
2023-04-07,40.04,40.8,39.34,40.02,125993
2023-04-10,40.53,40.75,37.66,37.79,150322
2023-04-11,38.11,38.89,37.39,37.98,105381
2023-04-12,38.54,40.82,38.42,39.94,147342
2023-04-13,39.23,40.04,38.8,39.22,102088
2023-04-14,39.22,39.85,38.68,39.29,85718
2023-04-17,39.36,40.05,38.26,39.2,116138
2023-04-18,38.67,39.35,37.78,38.13,102321
2023-04-19,37.93,38.39,37.29,37.44,73202
2023-04-20,37.51,38.19,36.86,37.92,97209
2023-04-21,38.03,38.03,35.36,35.36,107582
2023-04-24,35.15,36.47,34.54,34.72,89535
2023-04-25,34.71,35.86,34.2,35.09,93951
2023-04-26,35.09,35.13,32.61,32.77,129075
2023-04-27,32.33,33.37,32.33,32.6,66911
2023-04-28,32.95,34.82,32.92,34.21,96447
2023-05-04,33.73,34.27,33.02,33.26,69908
2023-05-05,33.25,34.92,33.08,33.37,97933
2023-05-08,33.5,34.82,32.69,34.34,96119
2023-05-09,34.2,37.71,34.2,35.78,196201
2023-05-10,35.53,35.91,34.39,34.96,102153
2023-05-11,35.28,35.44,34.29,34.33,52904
2023-05-12,34.21,34.75,33.93,33.99,57486
2023-05-15,34.06,35.01,33.23,34.65,65144
2023-05-16,34.61,34.93,33.58,33.75,43220
2023-05-17,33.75,34.11,33.48,33.72,29865
2023-05-18,33.71,34.26,33.55,34.11,47569
2023-05-19,33.79,34.31,33.51,34.29,42830
2023-05-22,34.06,34.29,33.55,33.65,37137
2023-05-23,33.82,33.82,32.22,32.35,66634
2023-05-24,32.25,32.4,31.68,31.69,46494
2023-05-25,31.89,32.18,31.51,32.07,42833
2023-05-26,32.2,33.02,31.76,32.63,39800
2023-05-29,32.69,33.22,32.22,32.33,33230
2023-05-30,32.33,33.19,31.99,33.19,42031
2023-05-31,33.29,33.5,32.82,33.34,39257
2023-06-01,33.33,34.72,33.08,34.2,65134
2023-06-02,34.27,34.64,33.86,33.98,40800
2023-06-05,34.06,34.47,33.8,34.19,33040
2023-06-06,33.93,34.53,33.02,33.26,47450
2023-06-07,33.31,34.71,33.2,34.17,58880
2023-06-08,34.06,35.67,34.06,35.09,75055
2023-06-09,34.95,36.14,34.47,35.04,80014
2023-06-12,35.09,35.98,35.04,35.35,49752
2023-06-13,35.26,36.81,35.19,36.31,54045
2023-06-14,36.32,36.72,36.02,36.26,44258
2023-06-15,36.13,36.55,35.5,35.77,55057
2023-06-16,35.97,36.24,35.44,36.03,54172
2023-06-19,36.09,37.5,36.09,36.98,84670
2023-06-20,36.55,36.95,35.99,36.38,58875
2023-06-21,36.14,36.38,35.13,35.37,58336
2023-06-26,34.61,34.86,33.64,33.77,60241
2023-06-27,33.87,34.23,33.66,33.7,36457
2023-06-28,33.64,33.66,32.49,32.95,44551
2023-06-29,32.81,33.43,32.75,33.23,34537
2023-06-30,33.02,33.86,32.75,33.43,41265
2023-07-03,33.44,34.17,32.68,33.77,54006
2023-07-04,33.6,33.95,33.29,33.49,25733
2023-07-05,33.35,33.56,33.18,33.25,17669
2023-07-06,33.33,33.42,32.73,32.86,26315
2023-07-07,32.68,33.49,32.06,33.21,29648
2023-07-10,33.16,33.5,32.49,32.94,29861
2023-07-11,32.87,33.15,32.73,33.04,18454
2023-07-12,32.94,33.57,32.55,32.6,27576
2023-07-13,32.68,33.94,32.64,33.24,40420
2023-07-14,33.03,33.56,33.02,33.09,25191
2023-07-17,33.02,33.21,32.66,32.98,21160
2023-07-18,32.94,33.15,32.64,32.75,15299
2023-07-19,32.75,33.58,32.68,33.31,32543
2023-07-20,33.46,33.71,32.64,32.71,37109
2023-07-21,32.73,32.83,32.29,32.34,23510
2023-07-24,32.17,32.42,31.44,31.55,33808
2023-07-25,33.46,35.63,33.03,34.97,179900
2023-07-26,34.96,35.08,33.26,33.59,102966
2023-07-27,33.29,34.39,33.01,33.42,57382
2023-07-28,33.64,40.11,33.38,40.11,333723
2023-07-31,41.02,42.86,39.17,39.23,459983
2023-08-01,38.04,40.06,37.17,38.4,302948
2023-08-02,38.46,40.26,38.2,39.23,272904
2023-08-03,40.23,45.09,38.99,43.36,419934
2023-08-04,46.05,52.05,44.06,47.5,683589
2023-08-07,47.98,51.3,47.03,50.68,528267
2023-08-08,48.2,50.13,46.17,47.71,438513
2023-08-09,48.21,50.11,47.51,48.83,385000
2023-08-10,48.11,56.3,47.98,54.9,530643
2023-08-11,52.34,54.22,50.4,50.96,508177
2023-08-14,48.9,53.23,48.2,48.2,506658
2023-08-15,46.15,51.63,46.15,51.42,456208
2023-08-16,49.58,54.13,48.91,49.71,475015
2023-08-17,48.89,50.15,46.95,47.88,384707
2023-08-18,48.25,49.35,46.53,46.58,283917
2023-08-21,46.18,47.82,45.8,46.77,265395
2023-08-22,46.2,49.93,45.95,48.85,427368
2023-08-23,47.37,48.68,46.28,46.54,313987
2023-08-24,46.56,50.72,46.56,48.73,412138
2023-08-25,48.27,50.77,48.26,50.17,392557
2023-08-28,60.22,60.22,50.38,50.41,791034
2023-08-29,46.82,50.81,46.6,48.59,561147
2023-08-30,47.51,47.58,44.06,44.46,450733
2023-08-31,44.79,45.16,43.33,43.33,230674
2023-09-01,43.78,44.81,42.89,43.0,208064
2023-09-04,43.02,43.71,41.99,42.91,204144
2023-09-05,42.47,42.73,41.69,41.88,178326
2023-09-06,41.46,41.8,40.46,40.62,197687
2023-09-07,40.68,41.71,40.39,41.18,252189
2023-09-08,40.61,43.7,40.27,42.89,284316
2023-09-11,42.75,44.89,41.47,43.98,310653
2023-09-12,43.29,43.8,42.75,42.89,150509
2023-09-13,42.75,42.89,41.35,42.29,139891
2023-09-14,42.54,43.53,41.91,42.91,172538
2023-09-15,42.75,43.56,41.85,42.13,153800
2023-09-18,41.65,42.61,41.56,42.24,120489
2023-09-19,42.24,42.85,41.71,42.11,92540
2023-09-20,41.71,42.46,41.53,41.71,88030
2023-09-21,41.3,42.31,41.24,41.77,83914
2023-09-22,42.52,45.64,42.41,45.42,307253
2023-09-25,43.85,44.06,42.38,42.46,202991
2023-09-26,42.44,43.49,42.33,43.01,116770
2023-09-27,43.02,44.4,42.88,43.98,139251
2023-09-28,44.38,44.51,42.6,42.75,131674
2023-10-09,41.58,41.58,38.43,41.04,141454
2023-10-10,41.02,41.85,40.89,40.95,79337
2023-10-11,41.02,42.17,40.82,41.04,78197
2023-10-12,42.46,43.25,40.96,41.3,134293
2023-10-13,40.31,41.55,39.69,40.77,92166
2023-10-16,40.56,41.35,39.92,40.16,94536
2023-10-17,40.29,41.99,40.02,40.86,152784
2023-10-18,40.13,41.4,39.73,40.61,116170
2023-10-19,40.53,42.99,40.26,41.71,194677
2023-10-20,41.29,43.92,41.16,42.65,169810
2023-10-23,41.84,41.84,39.45,41.02,158105
2023-10-24,41.3,44.36,39.68,43.35,275524
2023-10-25,43.31,43.33,40.95,40.95,226937
2023-10-26,39.3,40.93,39.27,40.18,129923
2023-10-27,40.09,40.35,39.08,39.98,138900
2023-10-30,39.58,40.94,39.51,40.51,88276
2023-10-31,40.46,41.37,40.18,40.51,88565
2023-11-01,41.16,41.29,38.78,38.95,123143
2023-11-02,38.68,39.55,37.78,37.8,107762
2023-11-03,38.05,38.98,37.85,38.4,76596
2023-11-06,39.53,41.26,38.97,40.68,181556
2023-11-07,40.03,40.95,39.95,40.69,115251
2023-11-08,40.51,41.0,39.85,40.22,103644
2023-11-09,39.89,40.49,39.79,39.89,62903
2023-11-10,39.81,40.8,39.72,40.0,89021
2023-11-13,39.81,40.04,39.13,39.29,90884
2023-11-14,39.23,40.91,39.1,40.14,122184
2023-11-15,41.23,44.26,41.23,41.82,277370
2023-11-16,41.51,42.64,41.21,41.24,122046
2023-11-17,41.15,41.98,40.9,41.64,105301
2023-11-20,41.64,42.23,40.43,41.91,120012
2023-11-21,42.24,42.95,41.71,41.75,124942
2023-11-22,41.16,42.12,40.95,41.0,71885
2023-11-23,40.95,41.23,40.24,40.85,76835
2023-11-24,40.89,40.93,39.7,39.75,64010
2023-11-27,39.38,39.58,38.89,39.12,67164
2023-11-28,39.02,39.36,38.53,39.15,51787
2023-11-29,39.02,40.26,39.02,39.58,61323
2023-11-30,39.57,40.3,39.31,39.86,65595
2023-12-01,40.06,41.13,39.58,40.74,89770
2023-12-04,40.82,41.89,40.45,40.95,91852
2023-12-05,40.62,41.29,40.14,40.26,72837
2023-12-06,40.37,41.13,40.24,40.44,75653
2023-12-07,40.26,43.26,40.16,42.13,169646
2023-12-08,41.82,42.57,41.39,42.1,100655
2023-12-11,42.0,43.82,40.96,43.14,140951
2023-12-12,42.62,43.31,42.41,42.68,70550
2023-12-13,42.45,42.45,41.64,41.64,59159
2023-12-14,41.99,42.19,41.46,41.46,49076
2023-12-15,41.46,42.55,41.11,41.91,71662
2023-12-18,41.78,42.89,41.46,42.18,65768
2023-12-19,42.05,43.03,41.46,42.68,86425
2023-12-20,42.64,42.68,39.56,39.58,139120
2023-12-21,39.69,41.02,39.55,40.45,77832
2023-12-22,40.46,40.62,39.62,40.02,60916
2023-12-25,39.78,40.0,38.68,38.81,66482
2023-12-26,38.75,39.4,38.55,39.02,49845
2023-12-27,39.08,41.11,38.91,40.24,98139
2023-12-28,39.85,42.37,39.65,41.86,132473
2023-12-29,41.64,42.19,41.37,41.48,81856
2024-01-02,41.99,41.99,40.67,40.75,53860
2024-01-03,40.59,41.0,39.92,40.59,48168
2024-01-04,40.62,40.62,39.92,40.0,44155
2024-01-05,39.71,41.06,39.58,39.95,69864
2024-01-08,39.84,40.67,39.32,39.34,66221
2024-01-09,39.3,39.56,33.58,33.92,229060
2024-01-10,33.58,33.78,32.13,32.13,165916
2024-01-11,32.15,33.53,32.15,32.9,114741
2024-01-12,32.68,33.0,31.18,31.6,133450
2024-01-15,31.35,32.44,31.26,31.89,79138
2024-01-16,31.89,32.11,30.82,32.0,124075
2024-01-17,31.89,32.01,31.13,31.15,61947
2024-01-18,30.88,31.98,30.33,31.73,134447
2024-01-19,31.49,31.54,30.57,30.73,94656
2024-01-22,30.73,31.04,28.89,29.35,97952
2024-01-23,29.16,30.8,29.13,30.45,115958
2024-01-24,30.65,33.01,29.82,32.33,194548
2024-01-25,31.65,32.69,31.15,32.21,162772
2024-01-26,31.86,32.87,31.78,32.04,107442
2024-01-29,32.14,33.15,31.49,31.49,120187
2024-01-30,31.33,32.22,30.73,30.82,90200
2024-01-31,31.09,31.29,29.15,29.42,104185
2024-02-01,29.22,30.35,28.73,29.15,100588
2024-02-02,29.26,29.64,26.82,27.53,136808
2024-02-05,27.84,27.84,24.51,25.38,165071
2024-02-06,25.38,27.91,25.03,27.75,159478
2024-02-07,27.56,29.18,27.37,27.91,138369
2024-02-08,28.4,29.73,28.13,28.64,144881
2024-02-19,28.51,29.18,28.29,29.05,114714
2024-02-20,28.89,30.51,28.75,30.08,136522
2024-02-21,29.22,32.26,29.15,30.89,200639
2024-02-22,30.36,32.44,30.29,32.02,146345
2024-02-23,32.02,32.58,31.71,32.4,127088
2024-02-26,32.04,32.47,31.56,31.8,115365
2024-02-27,31.8,33.78,31.72,33.75,151677
2024-02-28,34.47,35.95,32.47,32.47,241006
2024-02-29,32.42,34.11,32.2,34.06,180183
2024-03-01,33.82,35.92,33.33,35.06,164631
2024-03-04,34.4,34.67,33.64,34.42,122912
2024-03-05,34.22,34.61,33.7,33.99,94682
2024-03-06,33.85,34.93,33.48,34.13,94674
2024-03-07,33.78,34.27,33.03,33.03,98835
2024-03-08,33.09,33.42,32.53,33.18,73405
2024-03-11,33.47,33.54,32.96,33.52,77692
2024-03-12,33.64,34.38,33.48,33.98,90728
2024-03-13,34.0,34.08,33.2,33.53,91936
2024-03-14,33.26,33.68,32.6,32.95,76685
2024-03-15,32.66,33.13,32.33,33.08,68713
2024-03-18,33.38,34.95,33.26,34.46,161478
2024-03-19,34.23,34.31,33.22,33.37,106167
2024-03-20,33.31,33.64,32.92,33.27,92357
2024-03-21,33.6,35.64,33.55,34.11,203577
2024-03-22,34.2,34.33,32.95,33.21,111234
2024-03-25,32.66,32.92,31.65,31.8,104511
2024-03-26,31.85,32.13,31.06,31.17,81824
2024-03-27,31.29,31.29,29.58,29.62,87384
2024-03-28,29.78,30.6,29.58,30.1,81752
2024-03-29,29.92,30.18,29.38,30.08,65875
2024-04-01,30.61,30.85,30.36,30.62,68312
2024-04-02,30.62,30.62,29.89,30.18,62877
2024-04-03,30.07,30.51,29.87,30.33,80262
2024-04-08,30.0,30.2,29.44,29.58,62759
2024-04-09,29.78,29.92,29.4,29.6,46581
2024-04-10,29.49,29.55,28.58,28.83,55011
2024-04-11,28.79,29.11,27.78,28.56,65719
2024-04-12,28.59,29.16,27.99,28.07,57919
2024-04-15,27.92,29.54,27.91,28.54,104272
2024-04-16,28.11,28.6,27.04,27.06,83247
2024-04-17,27.5,28.38,27.5,28.35,75087
2024-04-18,28.29,29.51,27.97,28.51,91648
2024-04-19,28.08,28.3,27.62,27.83,62370
2024-04-22,27.66,28.53,27.53,28.11,51566
2024-04-23,28.11,28.53,28.07,28.16,38108
2024-04-24,28.19,28.85,28.0,28.74,52912
2024-04-25,28.61,28.74,28.01,28.09,50308
2024-04-26,29.41,31.92,28.29,31.31,238409
2024-04-29,31.02,33.75,30.87,32.59,296717
2024-04-30,32.13,33.37,31.91,32.51,161788
2024-05-06,32.93,33.55,32.6,32.6,142613
2024-05-07,32.25,32.81,31.77,31.99,124966
2024-05-08,31.84,31.97,30.77,30.9,86625
2024-05-09,30.95,32.12,30.92,31.44,93623
2024-05-10,31.44,31.99,31.2,31.6,104662
2024-05-13,31.22,31.49,30.44,31.04,89356
2024-05-14,30.91,31.18,30.44,31.06,72665
2024-05-15,31.37,31.53,29.3,29.36,111734
2024-05-16,29.7,30.23,29.09,29.42,80096
2024-05-17,29.24,30.49,28.94,30.4,85008
2024-05-20,30.26,31.63,30.13,30.7,88966
2024-05-21,30.44,30.61,30.06,30.22,45262
2024-05-22,30.09,30.72,29.98,30.61,48598
2024-05-23,30.4,30.61,29.51,29.71,61823
2024-05-24,29.62,29.84,28.84,28.87,54963
2024-05-27,29.37,29.63,28.47,29.62,65747
2024-05-28,29.55,29.95,29.21,29.37,47865
2024-05-29,29.37,30.11,29.37,29.7,53729
2024-05-30,29.63,29.66,29.11,29.51,45060
2024-05-31,29.57,29.73,29.29,29.31,46046
2024-06-03,28.89,29.69,28.89,29.3,49763
2024-06-04,29.21,29.91,28.95,29.65,66633
2024-06-05,29.46,30.13,29.44,29.52,55485
2024-06-06,29.64,29.77,28.8,28.86,58197
2024-06-07,28.89,29.22,27.95,28.34,59677
2024-06-11,28.07,29.22,28.06,29.0,52858
2024-06-12,28.8,29.42,28.78,29.12,41520
2024-06-13,29.15,29.42,28.75,29.02,56405
2024-06-14,28.86,30.22,28.66,29.87,153061
2024-06-17,29.09,29.35,28.55,29.18,88774
2024-06-18,29.1,29.79,29.1,29.44,70688
2024-06-19,29.55,29.7,28.6,28.65,65178
2024-06-20,28.47,28.8,27.64,27.91,76093
2024-06-21,28.02,28.35,27.75,28.02,53302
2024-06-24,27.64,27.93,27.09,27.11,57432
2024-06-25,27.11,27.41,26.06,26.31,58098
2024-06-26,26.25,27.09,26.09,27.01,52083
2024-06-27,26.82,27.14,26.4,26.43,41302
2024-06-28,26.47,26.73,24.1,25.03,151704
2024-07-01,24.96,25.44,24.75,25.09,56752
2024-07-02,25.15,25.37,24.62,24.71,52211
2024-07-03,24.66,24.86,24.34,24.4,44225
2024-07-04,24.53,24.64,23.33,23.36,69601
2024-07-05,23.3,24.15,23.13,23.89,57311
2024-07-08,23.53,23.78,22.91,23.06,55767
2024-07-09,23.1,23.84,22.82,23.67,64315
2024-07-10,23.44,24.16,23.39,23.71,42932
2024-07-11,24.16,24.6,23.93,24.18,60829
2024-07-12,24.09,24.31,23.86,23.95,36269
2024-07-15,23.84,24.11,23.72,23.75,24462
2024-07-16,23.78,24.11,23.55,23.92,32723
2024-07-17,24.04,24.15,23.83,23.93,42353
2024-07-18,23.79,24.13,23.48,23.96,41304
2024-07-19,23.78,24.55,23.77,24.4,58569
2024-07-22,25.15,25.23,24.22,24.64,76628
2024-07-23,24.33,24.63,23.64,23.67,66446
2024-07-24,23.48,23.74,22.78,22.8,71674
2024-07-25,22.89,23.97,22.78,23.44,71166
2024-07-26,23.35,24.7,23.35,24.06,73048
2024-07-29,23.79,24.01,23.45,23.53,46631
2024-07-30,23.53,23.95,23.31,23.62,39804
2024-07-31,23.8,28.35,23.72,27.77,282226
2024-08-01,27.39,27.48,26.62,26.76,223550
2024-08-02,26.62,27.28,26.0,26.1,100261
2024-08-05,26.3,27.02,25.98,25.98,125081
2024-08-06,26.61,26.86,25.42,25.85,94127
2024-08-07,25.76,26.74,25.51,26.22,105255
2024-08-08,26.1,26.91,25.94,26.11,126658
2024-08-09,26.38,26.54,25.57,25.62,82467
2024-08-12,25.42,25.75,25.16,25.51,70922
2024-08-13,25.56,25.98,25.3,25.96,75068
2024-08-14,25.51,25.98,25.32,25.64,65279
2024-08-15,25.58,26.94,25.44,26.14,133297
2024-08-16,26.17,26.21,25.68,25.8,77598
2024-08-19,25.47,26.78,25.47,26.11,83199
2024-08-20,26.06,26.24,25.33,25.44,61389
2024-08-21,25.39,25.55,25.09,25.13,51029
2024-08-22,25.36,25.52,23.99,24.09,83517
2024-08-23,24.17,24.8,24.0,24.42,60087
2024-08-26,24.35,24.76,24.18,24.44,42984
2024-08-27,24.32,24.44,23.73,23.86,47831
2024-08-28,23.89,24.33,23.69,23.91,38591
2024-08-29,23.88,24.75,23.75,24.12,67967
2024-08-30,23.6,25.35,23.09,24.55,152515
2024-09-02,24.06,24.26,23.09,23.17,96981
2024-09-03,22.98,23.58,22.98,23.24,57638
2024-09-04,23.05,24.38,22.99,23.85,103066
2024-09-05,24.11,24.61,23.98,24.31,71213
2024-09-06,25.06,25.44,23.77,23.8,144943
2024-09-09,23.37,24.26,23.23,24.03,86779
2024-09-10,23.88,24.18,23.42,23.93,63824
2024-09-11,23.82,24.09,23.69,23.91,48148
2024-09-12,23.93,24.14,23.51,23.53,53375
2024-09-13,23.58,23.94,23.26,23.37,56103
2024-09-18,23.2,23.99,22.92,23.7,56428
2024-09-19,23.95,25.66,23.7,25.17,154231
2024-09-20,24.75,25.11,24.44,25.05,87599
2024-09-23,25.0,25.41,24.68,25.18,73730
2024-09-24,26.13,30.24,25.4,30.24,369514
2024-09-25,32.33,33.44,31.02,31.78,494672
2024-09-26,30.83,37.96,30.27,36.61,475920
2024-09-27,38.53,43.95,37.25,43.95,578698
2024-09-30,52.75,52.75,51.16,52.75,254684
2024-10-08,63.32,63.32,62.23,63.32,202479
2024-10-09,64.75,76.0,57.2,60.0,994465
2024-10-10,60.22,61.91,47.98,52.04,757184
2024-10-11,51.71,54.86,50.8,52.54,463116
2024-10-14,50.95,56.2,49.01,54.52,463296
2024-10-15,52.2,57.08,51.31,53.07,440330
2024-10-16,51.09,58.89,51.09,56.33,474726
2024-10-17,56.13,59.8,54.26,56.15,484317
2024-10-18,55.23,67.4,53.71,67.4,630376
2024-10-21,63.77,72.54,62.98,66.02,667504
2024-10-22,65.44,75.78,64.76,72.33,618431
2024-10-23,74.26,81.3,65.91,66.73,711882
2024-10-24,66.46,70.12,64.72,67.31,458610
2024-10-25,66.43,69.58,65.3,65.38,421827
2024-10-28,63.44,68.89,63.4,67.58,387659
2024-10-29,67.63,70.61,65.53,66.53,384663
2024-10-30,64.75,66.81,63.69,65.13,288751
2024-10-31,65.16,76.47,64.77,70.68,628400
2024-11-01,70.24,72.68,65.23,65.71,521332
2024-11-04,64.75,70.16,64.64,70.13,333988
2024-11-05,69.43,80.91,68.02,77.18,564090
2024-11-06,77.16,85.91,73.02,75.37,554906
2024-11-07,72.68,86.04,71.72,82.91,576741
2024-11-08,84.86,85.13,75.51,75.56,496220
2024-11-11,73.2,76.1,72.94,74.13,274268
2024-11-12,74.2,76.53,71.09,72.87,267507
2024-11-13,71.99,74.78,70.01,73.3,250110
2024-11-14,72.47,74.06,70.74,70.82,214323
2024-11-15,70.26,71.56,63.92,64.35,339591
2024-11-18,64.18,64.94,60.08,61.02,259540
2024-11-19,62.89,65.81,62.0,65.42,299803
2024-11-20,64.12,65.08,63.37,64.44,212097
2024-11-21,64.0,67.77,63.71,65.55,277781
2024-11-22,64.75,67.51,62.27,62.51,270845
2024-11-25,61.64,62.52,59.85,61.42,196284
2024-11-26,61.02,64.46,60.61,61.58,171943
2024-11-27,61.3,65.3,61.02,65.29,261992
2024-11-28,65.26,66.06,63.71,63.79,195486
2024-11-29,64.06,74.02,64.06,68.68,420736
2024-12-02,67.98,71.84,67.43,70.95,308563
2024-12-03,70.27,73.4,69.58,71.14,275089
2024-12-04,70.74,73.02,69.58,70.62,239199
2024-12-05,72.1,78.31,71.08,76.82,427293
2024-12-06,75.01,79.08,73.18,74.51,382156
2024-12-09,73.42,74.75,70.15,71.23,277813
2024-12-10,77.16,79.1,72.82,72.95,430245
2024-12-11,72.83,73.71,70.27,70.89,213404
2024-12-12,70.47,73.71,70.4,72.2,226498
2024-12-13,70.26,70.26,67.71,67.95,247007
2024-12-16,67.16,67.16,65.09,65.54,189376
2024-12-17,65.44,66.58,64.39,64.8,179439
2024-12-18,64.84,65.54,63.99,64.54,116292
2024-12-19,63.38,66.0,63.23,65.21,141265
2024-12-20,65.05,67.32,65.0,66.45,153325
2024-12-23,66.12,67.02,64.14,64.3,139627
2024-12-24,64.36,66.61,62.68,66.46,150333
2024-12-25,66.26,69.98,65.66,69.98,259816
2024-12-26,69.91,73.68,68.88,72.18,296325
2024-12-27,71.48,75.75,70.4,72.25,334265
2024-12-30,71.09,73.48,70.47,73.02,232916
2024-12-31,72.46,72.82,65.99,66.09,296797
2025-01-02,65.43,65.78,60.55,61.55,251295
2025-01-03,62.16,63.29,60.22,60.52,219531
2025-01-06,59.92,61.21,57.89,58.54,176241
2025-01-07,59.17,60.38,57.86,59.9,170340
2025-01-08,59.24,60.2,56.81,59.44,208947
2025-01-09,59.26,60.6,59.13,59.6,142807
2025-01-10,59.6,60.69,58.2,58.2,146230
2025-01-13,57.09,60.45,56.82,60.04,158664
2025-01-14,60.13,65.26,59.58,65.23,310963
2025-01-15,63.78,64.06,62.43,62.47,179088
2025-01-16,63.16,64.46,61.16,62.23,169516
2025-01-17,61.91,64.02,61.48,62.69,150650
2025-01-20,63.37,65.31,62.75,63.6,177257
2025-01-21,64.59,65.09,63.03,64.54,160351
2025-01-22,63.51,66.32,63.44,65.6,200586
2025-01-23,67.64,69.84,63.09,63.58,300350
2025-01-24,62.48,64.06,62.37,62.7,179746
2025-01-27,64.54,65.16,61.78,61.78,170010
2025-02-05,62.33,64.24,61.08,62.98,161029
2025-02-06,62.78,65.77,62.39,65.01,195899
2025-02-07,64.36,69.58,64.06,67.33,318510
2025-02-10,67.33,69.23,66.99,68.22,208912
2025-02-11,67.53,68.23,66.31,67.3,140529
2025-02-12,66.47,68.89,66.29,68.58,168605
2025-02-13,67.82,68.26,66.16,66.26,179448
2025-02-14,66.04,67.4,65.16,66.82,148190
2025-02-17,67.51,69.58,66.82,67.89,211312
2025-02-18,67.54,68.11,63.88,64.04,173064
2025-02-19,64.11,66.85,63.77,66.06,164257
2025-02-20,65.51,66.46,64.65,65.66,131545
2025-02-21,65.78,68.2,64.16,67.45,240714
2025-02-24,66.47,67.49,65.81,66.86,159647
2025-02-25,65.47,66.15,63.8,63.99,180549
2025-02-26,64.86,67.0,63.68,66.95,225925
2025-02-27,66.46,67.84,63.43,64.96,241378
2025-02-28,64.36,66.23,61.99,62.49,160688
2025-03-03,62.06,62.76,60.73,61.23,119377
2025-03-04,60.67,62.31,60.66,62.11,81433
2025-03-05,62.0,63.09,61.26,62.25,112240
2025-03-06,62.76,64.4,62.4,63.87,197785
2025-03-07,62.89,63.15,61.66,61.9,132002
2025-03-10,61.77,61.78,60.93,61.44,80499
2025-03-11,60.62,61.85,60.61,61.36,80699
2025-03-12,61.64,62.92,61.22,61.3,121299
2025-03-13,61.13,61.7,59.15,59.58,109687
2025-03-14,59.68,66.71,59.53,63.96,317418
2025-03-17,63.41,64.62,62.3,64.23,237313
2025-03-18,64.44,66.23,64.02,65.65,246891
2025-03-19,65.32,67.02,65.12,65.81,225313
2025-03-20,65.72,66.71,64.62,65.77,166449
2025-03-21,65.04,66.21,62.94,63.22,200649
2025-03-24,62.92,63.51,61.64,62.86,156817
2025-03-25,62.91,62.94,60.11,60.58,149682
2025-03-26,60.7,62.3,60.62,60.75,118440
2025-03-27,60.45,64.6,60.37,63.11,240063
2025-03-28,62.97,65.36,62.94,63.92,203323
2025-03-31,62.92,64.28,61.54,62.6,186786
2025-04-01,62.73,63.4,56.42,57.25,356508
2025-04-02,56.93,58.8,56.39,57.97,169028
2025-04-03,57.56,59.8,57.42,58.47,147524
2025-04-07,54.9,56.42,50.32,53.05,339041
2025-04-08,54.92,55.41,52.61,53.45,212599
2025-04-09,52.37,56.28,50.97,55.5,280374
2025-04-10,56.75,58.12,55.56,55.8,248367
2025-04-11,55.8,57.42,55.07,56.19,180616
2025-04-14,56.87,57.07,55.72,55.82,137929
2025-04-15,55.77,55.82,54.93,55.37,89615
2025-04-16,55.07,55.39,53.69,54.58,98864
2025-04-17,54.06,55.0,53.95,54.13,83094
2025-04-18,54.22,56.25,53.97,55.69,167751
2025-04-21,54.98,56.47,54.77,56.47,132778
2025-04-22,56.17,56.72,55.49,55.96,107500
2025-04-23,56.92,58.06,55.86,56.31,176245
2025-04-24,56.08,56.55,55.03,55.66,101871
2025-04-25,55.72,59.78,55.62,57.51,306757
2025-04-28,58.43,58.95,56.75,58.29,221668
2025-04-29,57.92,58.57,57.42,57.97,128496
2025-04-30,58.57,60.42,57.98,58.73,210444
2025-05-06,59.27,62.0,59.15,61.08,248763
2025-05-07,65.72,67.6,60.48,60.92,427581
2025-05-08,60.8,61.51,60.0,60.42,231820
2025-05-09,59.97,60.03,58.58,58.8,185551
2025-05-12,59.82,62.38,58.97,62.02,303998
2025-05-13,62.22,62.48,60.72,60.99,191664
2025-05-14,60.63,67.13,59.81,64.79,474373
2025-05-15,63.42,63.94,61.8,61.83,253780
2025-05-16,61.51,61.67,60.14,60.27,169146
2025-05-19,59.92,60.52,59.32,59.81,127788
2025-05-20,60.04,60.86,59.58,60.24,144268
2025-05-21,60.26,60.71,59.55,59.97,118772
2025-05-22,59.42,60.16,59.2,59.57,109064
2025-05-23,59.3,59.88,57.42,57.57,167324
2025-05-26,57.38,58.22,57.3,58.15,90920
2025-05-27,58.16,59.02,57.69,58.23,98573
2025-05-28,58.42,58.8,57.07,57.3,99715
2025-05-29,57.5,59.16,57.32,58.78,158436
2025-05-30,58.12,58.69,57.32,58.09,120938
2025-06-03,57.51,59.15,57.47,58.18,113656
2025-06-04,57.92,60.05,57.82,59.39,183335
2025-06-05,59.36,60.47,59.02,60.09,179660
2025-06-06,60.09,60.6,59.12,59.3,116263
2025-06-09,59.75,61.5,59.48,60.55,197657
2025-06-10,60.43,60.62,58.61,59.31,150452
2025-06-11,59.9,62.87,59.58,61.46,298001
2025-06-12,61.1,63.32,60.8,62.17,230429
2025-06-13,60.94,61.88,60.94,61.07,169250
2025-06-16,60.92,62.47,60.82,62.24,162175
2025-06-17,62.19,63.07,61.83,62.61,176531
2025-06-18,61.95,62.02,60.52,60.87,176535
2025-06-19,60.92,60.96,58.48,58.83,171427
2025-06-20,58.41,58.96,57.92,58.0,114272
2025-06-23,57.69,58.92,57.52,58.5,136368
2025-06-24,59.23,68.47,59.12,65.52,708269
2025-06-25,65.54,78.64,64.72,78.64,1008129
2025-06-26,80.55,85.77,77.12,81.92,1163721
2025-06-27,81.54,84.5,78.42,79.12,923588
2025-06-30,80.17,81.16,77.42,80.58,581654
2025-07-01,80.96,81.1,76.71,77.8,492649
2025-07-02,77.13,78.68,75.77,77.01,349729
2025-07-03,76.91,77.69,75.84,76.39,325402
2025-07-04,76.23,81.57,75.31,77.66,730941
2025-07-07,77.14,80.57,76.52,78.68,489647
2025-07-08,78.71,81.92,77.56,81.02,575824
2025-07-09,80.88,81.91,78.33,78.72,486951
2025-07-10,77.74,80.51,76.84,78.55,428395
2025-07-11,79.42,92.91,77.22,88.82,1027652
2025-07-14,86.96,87.61,81.4,82.09,679229
2025-07-15,84.42,85.66,81.92,83.46,563256
2025-07-16,83.46,85.47,82.57,84.42,445923
2025-07-17,83.52,88.1,83.03,87.39,555189
2025-07-18,87.79,88.42,85.0,86.4,372062
2025-07-21,84.93,86.4,82.42,83.93,461293
2025-07-22,83.72,88.07,83.09,86.04,501864
2025-07-23,85.66,93.92,85.52,87.99,741035
2025-07-24,87.92,95.5,86.72,94.82,729968
2025-07-25,94.86,95.72,92.13,92.24,511748
2025-07-28,93.35,95.76,91.92,93.66,436398
2025-07-29,92.4,94.62,90.46,93.81,422243
2025-07-30,92.42,93.62,90.57,91.91,359674
2025-07-31,90.94,92.59,88.25,88.69,431622
2025-08-01,88.52,90.18,87.42,87.95,299916
2025-08-04,86.92,88.42,85.8,87.13,284981
2025-08-05,87.92,89.48,86.4,88.51,373854
2025-08-06,88.17,90.28,87.37,90.1,355635
2025-08-07,89.92,91.42,88.52,89.04,345469
2025-08-08,88.43,89.49,86.1,87.12,283867
2025-08-11,86.9,92.84,86.8,91.19,478320
2025-08-12,90.72,93.02,90.58,92.86,460477
2025-08-13,93.25,99.64,90.92,95.76,726107
2025-08-14,94.9,96.42,91.23,91.48,560713
2025-08-15,90.79,109.79,90.79,109.79,1051101
2025-08-18,115.06,131.76,110.91,125.88,1297802
2025-08-19,123.18,129.01,122.92,126.47,854042
2025-08-20,125.12,127.1,120.6,124.22,623144
2025-08-21,125.67,132.73,123.02,128.18,821820
2025-08-22,127.22,141.92,127.09,141.25,803203
2025-08-25,140.91,155.42,139.92,146.17,839895
2025-08-26,143.43,158.5,143.42,158.5,707299
2025-08-27,155.52,157.92,146.03,151.7,759462
2025-08-28,141.93,158.72,136.91,156.31,761599
2025-08-29,154.92,165.92,147.03,149.97,739380
2025-09-01,149.92,152.91,144.92,150.8,515672
2025-09-02,148.72,151.1,141.8,143.38,543652
2025-09-03,145.02,146.81,136.82,137.85,529484
2025-09-04,138.03,141.12,132.33,134.62,542593
2025-09-05,135.92,139.22,131.58,138.8,426569
2025-09-08,136.24,139.03,134.69,137.15,322962
2025-09-09,137.92,138.37,132.68,132.86,354286
2025-09-10,134.91,139.91,132.92,137.33,422590
2025-09-11,137.39,151.75,136.68,149.97,678400
2025-09-12,148.3,154.89,145.73,145.8,570539
2025-09-15,145.82,152.42,145.82,148.39,418370
2025-09-16,147.81,158.72,146.8,157.63,537333
2025-09-17,156.92,178.93,154.5,172.8,664182
2025-09-18,165.92,169.05,156.31,158.9,693132
2025-09-19,156.42,161.24,153.32,153.32,411354
2025-09-22,153.12,161.92,153.12,161.13,435650
2025-09-23,155.91,156.82,150.0,155.59,442688
2025-09-24,153.92,162.5,151.19,158.83,452422
2025-09-25,157.1,161.92,156.59,156.82,333474
2025-09-26,154.92,157.52,151.49,151.87,272930
2025-09-29,151.03,175.92,151.03,166.73,679701
2025-09-30,166.74,169.82,164.39,167.05,495366
2025-10-09,164.52,170.1,162.88,166.65,415080
2025-10-10,164.58,166.38,153.72,154.22,472335
2025-10-13,145.92,151.88,145.23,149.72,324103
2025-10-14,150.42,156.42,145.62,146.35,328984
2025-10-15,147.05,151.42,144.92,149.92,268531
2025-10-16,148.92,152.74,146.72,147.52,220033
2025-10-17,148.39,150.37,141.1,141.93,270959
2025-10-20,145.42,146.16,141.27,142.23,230216
2025-10-21,144.13,148.5,141.94,146.5,292986
2025-10-22,144.42,146.37,143.42,144.12,183151
2025-10-23,143.94,148.2,138.64,148.15,296433
2025-10-24,148.15,156.22,146.95,156.22,409946
2025-10-27,155.92,157.94,151.5,153.35,434869
2025-10-28,150.49,157.6,148.51,151.36,345606
2025-10-29,149.44,159.87,149.07,157.09,501652
2025-10-30,154.85,154.92,145.32,145.37,426754
2025-10-31,146.42,148.42,143.94,144.26,205620
2025-11-03,142.72,145.22,139.92,144.22,176906
2025-11-04,143.91,143.91,137.47,137.68,253063
2025-11-05,134.47,139.91,134.07,135.95,202638
2025-11-06,136.02,140.15,135.13,136.52,246454
2025-11-07,134.42,135.42,131.48,132.16,279147
2025-11-10,132.77,135.3,131.54,133.75,199485
2025-11-11,134.92,135.02,122.58,124.52,426482
2025-11-12,123.92,124.42,117.78,121.24,373763
2025-11-13,121.11,123.91,120.04,123.58,220605
2025-11-14,121.59,124.27,121.58,122.2,166404
2025-11-17,122.16,123.58,121.82,122.92,133086
2025-11-18,122.92,126.42,122.23,124.31,253250
2025-11-19,123.58,125.72,122.36,123.17,143957
2025-11-20,126.92,127.17,120.32,120.42,187310
2025-11-21,119.12,121.47,116.87,117.08,211310
2025-11-24,117.3,120.4,115.52,119.07,195086
2025-11-25,119.78,122.28,118.74,120.29,194528
2025-11-26,119.42,124.11,119.03,121.96,203425
2025-11-27,121.82,124.12,120.58,120.92,163805
2025-11-28,120.03,122.87,119.92,122.54,125129
2025-12-01,122.17,125.35,121.92,124.48,184238
2025-12-02,123.91,123.92,120.98,121.33,133495
2025-12-03,121.8,123.58,119.25,119.91,117894
2025-12-04,119.81,123.29,118.48,121.82,138269
2025-12-05,121.23,135.36,121.23,130.71,538074
2025-12-08,131.92,136.55,129.92,131.08,502857
2025-12-09,128.72,129.92,126.23,127.6,302676
2025-12-10,126.55,130.02,125.02,129.01,267932
2025-12-11,127.73,129.02,125.07,125.07,192350
2025-12-12,125.47,130.43,123.96,126.81,418186
2025-12-15,125.81,129.12,124.46,126.05,213403
2025-12-16,124.97,131.04,124.97,127.93,298951
2025-12-17,126.42,137.92,125.92,134.57,449298
2025-12-18,132.43,133.76,129.12,129.23,274363
2025-12-19,130.05,133.91,128.73,130.99,244282
2025-12-22,129.42,131.72,129.42,130.13,188679
2025-12-23,129.52,132.0,128.1,129.19,182303
2025-12-24,128.35,134.67,128.35,133.1,267666
2025-12-25,132.92,135.88,131.52,134.5,248535
2025-12-26,133.54,140.19,133.49,135.07,375586
2025-12-29,134.11,135.2,132.63,133.62,199608
2025-12-30,132.92,136.07,132.04,134.71,202241
2025-12-31,134.22,135.85,130.79,130.79,223093
